-- phpMyAdmin SQL Dump
-- version 5.2.0
-- https://www.phpmyadmin.net/
--
-- Hôte : 127.0.0.1
-- Généré le : mar. 07 juin 2022 à 16:28
-- Version du serveur : 10.4.24-MariaDB
-- Version de PHP : 8.1.6

SET SQL_MODE = "NO_AUTO_VALUE_ON_ZERO";
START TRANSACTION;
SET time_zone = "+00:00";


/*!40101 SET @OLD_CHARACTER_SET_CLIENT=@@CHARACTER_SET_CLIENT */;
/*!40101 SET @OLD_CHARACTER_SET_RESULTS=@@CHARACTER_SET_RESULTS */;
/*!40101 SET @OLD_COLLATION_CONNECTION=@@COLLATION_CONNECTION */;
/*!40101 SET NAMES utf8mb4 */;

--
-- Base de données : `menuiz`
--

-- --------------------------------------------------------

--
-- Structure de la table `t_d_address_adr`
--

CREATE TABLE `t_d_address_adr` (
  `ADR_ID` int(11) NOT NULL,
  `ADR_FIRSTNAME` varchar(1024) NOT NULL,
  `ADR_LASTNAME` varchar(1024) NOT NULL,
  `ADR_LINE1` varchar(1024) NOT NULL,
  `ADR_LINE2` varchar(1024) DEFAULT NULL,
  `ADR_LINE3` varchar(1024) DEFAULT NULL,
  `ADR_ZIPCODE` varchar(1024) NOT NULL,
  `ADR_CITY` varchar(1024) NOT NULL,
  `ADR_COUNTRY` varchar(1024) NOT NULL,
  `ADR_MAIL` varchar(1024) NOT NULL,
  `ADR_PHONE` varchar(1024) NOT NULL
) ENGINE=InnoDB DEFAULT CHARSET=utf8mb4;

--
-- Déchargement des données de la table `t_d_address_adr`
--

INSERT INTO `t_d_address_adr` (`ADR_ID`, `ADR_FIRSTNAME`, `ADR_LASTNAME`, `ADR_LINE1`, `ADR_LINE2`, `ADR_LINE3`, `ADR_ZIPCODE`, `ADR_CITY`, `ADR_COUNTRY`, `ADR_MAIL`, `ADR_PHONE`) VALUES
(1, 'Non renseigné', 'Non renseigné', 'Non renseigné', 'Non renseigné', 'Non renseigné', 'Non renseigné', 'Non renseigné', 'Non renseigné', 'Non renseigné', 'Non renseigné'),
(2, ' Roja ', 'LeRouge', '104 rue Zguègue', NULL, NULL, '48590', 'Paris', 'France', 'Roro@rge.fr', '0548598167'),
(3, ' Jean ', 'Peplu', '18 rue Bharbe', NULL, NULL, '74293', 'Laville', 'France', 'Peups@i.fr', '0843608167'),
(4, ' Ferdinand ', 'De La Villardière', '4 rue Bie', NULL, NULL, '23090', 'Justici', 'France', 'Ferdi@nand.fr', '0936598167'),
(5, ' Bran ', 'Letoapa', '1040 rue Rachi', NULL, NULL, '96590', 'Flemme', 'France', 'Rackor@age.fr', '0158598167'),
(6, ' Ricardo ', 'Millos', '38 rue Arachi', NULL, NULL, '49690', 'Oui', 'France', 'Rica@dorge.fr', '0548598258');

-- --------------------------------------------------------

--
-- Structure de la table `t_d_expeditiontype_ety`
--

CREATE TABLE `t_d_expeditiontype_ety` (
  `ETY_ID` int(11) NOT NULL,
  `ETY_WORDING` varchar(1024) NOT NULL
) ENGINE=InnoDB DEFAULT CHARSET=utf8mb4;

--
-- Déchargement des données de la table `t_d_expeditiontype_ety`
--

INSERT INTO `t_d_expeditiontype_ety` (`ETY_ID`, `ETY_WORDING`) VALUES
(1, 'Colissimo'),
(2, 'Chronopost'),
(3, 'transporteur interne');

-- --------------------------------------------------------

--
-- Structure de la table `t_d_expedition_exp`
--

CREATE TABLE `t_d_expedition_exp` (
  `EXP_ID` int(11) NOT NULL,
  `EXP_WEIGTH` decimal(8,2) DEFAULT NULL,
  `EXP_TRACKINGNUMBER` varchar(1024) DEFAULT NULL,
  `EXP_SENTDATE` timestamp NOT NULL DEFAULT current_timestamp() ON UPDATE current_timestamp()
) ENGINE=InnoDB DEFAULT CHARSET=utf8mb4;

--
-- Déchargement des données de la table `t_d_expedition_exp`
--

INSERT INTO `t_d_expedition_exp` (`EXP_ID`, `EXP_WEIGTH`, `EXP_TRACKINGNUMBER`, `EXP_SENTDATE`) VALUES
(1, '0.00', 'NaN', '2022-06-07 14:11:00'),
(2, '0.00', 'NaN', '2022-06-07 14:11:00'),
(3, '0.00', 'NaN', '2022-06-07 14:11:00'),
(4, '0.00', 'NaN', '2022-06-07 14:11:00'),
(5, '0.00', 'NaN', '2022-06-07 14:11:00'),
(6, '0.00', 'NaN', '2022-06-07 14:11:00');

-- --------------------------------------------------------

--
-- Structure de la table `t_d_orderdetails_odt`
--

CREATE TABLE `t_d_orderdetails_odt` (
  `OHR_ID` int(11) NOT NULL,
  `PRD_ID` int(11) NOT NULL,
  `EXP_ID` int(11) NOT NULL,
  `ODT_QUANTITY` int(11) NOT NULL,
  `ODT_ISCANCELED` smallint(6) NOT NULL
) ENGINE=InnoDB DEFAULT CHARSET=utf8mb4;

--
-- Déchargement des données de la table `t_d_orderdetails_odt`
--

INSERT INTO `t_d_orderdetails_odt` (`OHR_ID`, `PRD_ID`, `EXP_ID`, `ODT_QUANTITY`, `ODT_ISCANCELED`) VALUES
(1, 3, 2, 12, 0),
(2, 4, 3, 5, 0),
(4, 6, 5, 4, 0),
(5, 7, 6, 23, 0),
(7, 2, 1, 8, 0),
(10, 5, 4, 84, 0);

-- --------------------------------------------------------

--
-- Structure de la table `t_d_orderheader_ohr`
--

CREATE TABLE `t_d_orderheader_ohr` (
  `OHR_ID` int(11) NOT NULL,
  `ADR_ID_LIV` int(11) NOT NULL,
  `ADR_ID_FAC` int(11) NOT NULL,
  `PMT_ID` int(11) NOT NULL,
  `OSS_ID` int(11) NOT NULL,
  `ETY_ID` int(11) NOT NULL,
  `USR_ID` int(11) NOT NULL,
  `OHR_NUMBER` varchar(1024) NOT NULL,
  `OHR_DATE` timestamp NOT NULL DEFAULT current_timestamp() ON UPDATE current_timestamp()
) ENGINE=InnoDB DEFAULT CHARSET=utf8mb4;

--
-- Déchargement des données de la table `t_d_orderheader_ohr`
--

INSERT INTO `t_d_orderheader_ohr` (`OHR_ID`, `ADR_ID_LIV`, `ADR_ID_FAC`, `PMT_ID`, `OSS_ID`, `ETY_ID`, `USR_ID`, `OHR_NUMBER`, `OHR_DATE`) VALUES
(1, 2, 2, 1, 1, 3, 1, '1', '2022-06-07 14:04:13'),
(2, 2, 2, 3, 3, 1, 1, '2', '2022-06-07 14:04:13'),
(4, 2, 2, 1, 1, 3, 1, '4', '2022-06-07 14:04:13'),
(5, 2, 2, 3, 3, 1, 1, '5', '2022-06-07 14:04:13'),
(7, 2, 2, 1, 1, 3, 1, '7', '2022-06-07 14:04:13'),
(8, 2, 2, 3, 3, 1, 1, '8', '2022-06-07 14:04:13'),
(9, 3, 3, 3, 2, 2, 2, '9', '2022-06-07 14:04:13'),
(10, 4, 4, 2, 2, 3, 2, '10', '2022-06-07 14:04:13'),
(11, 4, 4, 2, 2, 3, 3, '11', '2022-06-07 14:04:13'),
(12, 5, 1, 1, 1, 3, 3, '12', '2022-06-07 14:04:13');

-- --------------------------------------------------------

--
-- Structure de la table `t_d_orderstatus_oss`
--

CREATE TABLE `t_d_orderstatus_oss` (
  `OSS_ID` int(11) NOT NULL,
  `OSS_WORDING` varchar(1024) NOT NULL
) ENGINE=InnoDB DEFAULT CHARSET=utf8mb4;

--
-- Déchargement des données de la table `t_d_orderstatus_oss`
--

INSERT INTO `t_d_orderstatus_oss` (`OSS_ID`, `OSS_WORDING`) VALUES
(1, 'En cours'),
(2, 'Annulé'),
(3, 'Livré totalement'),
(4, 'Livré partiellement');

-- --------------------------------------------------------

--
-- Structure de la table `t_d_paymenttype_pmt`
--

CREATE TABLE `t_d_paymenttype_pmt` (
  `PMT_ID` int(11) NOT NULL,
  `PMT_WORDING` varchar(1024) NOT NULL
) ENGINE=InnoDB DEFAULT CHARSET=utf8mb4;

--
-- Déchargement des données de la table `t_d_paymenttype_pmt`
--

INSERT INTO `t_d_paymenttype_pmt` (`PMT_ID`, `PMT_WORDING`) VALUES
(1, 'CB'),
(2, 'Espèces'),
(3, 'Virement'),
(4, 'Chèques');

-- --------------------------------------------------------

--
-- Structure de la table `t_d_productkit_kit`
--

CREATE TABLE `t_d_productkit_kit` (
  `PRD_ID_KIT` int(11) NOT NULL,
  `PRD_ID_COMPONENT` int(11) NOT NULL,
  `KIT_QUANTITY` int(11) NOT NULL
) ENGINE=InnoDB DEFAULT CHARSET=utf8mb4;

--
-- Déchargement des données de la table `t_d_productkit_kit`
--

INSERT INTO `t_d_productkit_kit` (`PRD_ID_KIT`, `PRD_ID_COMPONENT`, `KIT_QUANTITY`) VALUES
(2, 12, 25),
(2, 13, 150),
(2, 15, 8),
(2, 16, 2),
(3, 14, 28),
(4, 12, 5),
(5, 15, 5);

-- --------------------------------------------------------

--
-- Structure de la table `t_d_producttype_pty`
--

CREATE TABLE `t_d_producttype_pty` (
  `PTY_ID` int(11) NOT NULL,
  `PTY_DESCRIPTION` varchar(1024) DEFAULT NULL
) ENGINE=InnoDB DEFAULT CHARSET=utf8mb4;

--
-- Déchargement des données de la table `t_d_producttype_pty`
--

INSERT INTO `t_d_producttype_pty` (`PTY_ID`, `PTY_DESCRIPTION`) VALUES
(1, 'KIT'),
(2, 'UNITAIRE');

-- --------------------------------------------------------

--
-- Structure de la table `t_d_product_prd`
--

CREATE TABLE `t_d_product_prd` (
  `PRD_ID` int(11) NOT NULL,
  `SPL_ID` int(11) NOT NULL,
  `PTY_ID` int(11) NOT NULL,
  `PRD_DESCRIPTION` varchar(1024) NOT NULL,
  `PRD_GUARANTEE` smallint(6) NOT NULL,
  `PRD_PICTURE` longblob DEFAULT NULL,
  `PRD_PRICE` decimal(8,2) DEFAULT NULL
) ENGINE=InnoDB DEFAULT CHARSET=utf8mb4;

--
-- Déchargement des données de la table `t_d_product_prd`
--

INSERT INTO `t_d_product_prd` (`PRD_ID`, `SPL_ID`, `PTY_ID`, `PRD_DESCRIPTION`, `PRD_GUARANTEE`, `PRD_PICTURE`, `PRD_PRICE`) VALUES
(2, 1, 1, 'Blonde', 6, NULL, '5.99'),
(3, 1, 1, 'Brune', 6, NULL, '5.99'),
(4, 2, 1, 'Ruby', 6, NULL, '5.99'),
(5, 2, 1, 'Turquoise', 6, NULL, '5.99'),
(6, 3, 1, 'Air Max', 6, NULL, '55.99'),
(7, 3, 1, 'Hoodie', 6, NULL, '59.99'),
(8, 4, 1, 'Produit 1', 24, NULL, '10.99'),
(9, 4, 1, 'Produit 2', 24, NULL, '49.99'),
(10, 5, 1, 'Ecran plat', 24, NULL, '1599.99'),
(11, 5, 1, 'Table Jardin', 24, NULL, '125.99'),
(12, 1, 2, 'Blonde', 6, NULL, '25.99'),
(13, 3, 2, 'Hoodies', 6, NULL, '150.99'),
(14, 2, 2, 'Ruby', 6, NULL, '25.99'),
(15, 6, 2, 'Blonde', 6, NULL, '25.99'),
(16, 6, 2, 'Brune', 6, NULL, '35.99');

-- --------------------------------------------------------

--
-- Structure de la table `t_d_supplier_spl`
--

CREATE TABLE `t_d_supplier_spl` (
  `SPL_ID` int(11) NOT NULL,
  `SPL_NAME` varchar(1024) DEFAULT NULL
) ENGINE=InnoDB DEFAULT CHARSET=utf8mb4;

--
-- Déchargement des données de la table `t_d_supplier_spl`
--

INSERT INTO `t_d_supplier_spl` (`SPL_ID`, `SPL_NAME`) VALUES
(1, 'Heinenken'),
(2, 'Leffe'),
(3, 'Nike'),
(4, 'Electronic Arts'),
(5, 'Leclerc'),
(6, 'Non renseigné');

-- --------------------------------------------------------

--
-- Structure de la table `t_d_user_usr`
--

CREATE TABLE `t_d_user_usr` (
  `USR_ID` int(11) NOT NULL,
  `ADR_ID` int(11) DEFAULT NULL,
  `USR_MAIL` varchar(1024) NOT NULL,
  `USR_PASSWORD` varchar(1024) NOT NULL,
  `USR_FIRSTNAME` varchar(1024) NOT NULL,
  `USR_LASTNAME` varchar(1024) NOT NULL
) ENGINE=InnoDB DEFAULT CHARSET=utf8mb4;

--
-- Déchargement des données de la table `t_d_user_usr`
--

INSERT INTO `t_d_user_usr` (`USR_ID`, `ADR_ID`, `USR_MAIL`, `USR_PASSWORD`, `USR_FIRSTNAME`, `USR_LASTNAME`) VALUES
(1, 1, 'roro@bar.fr', 'fezfA2451!', 'Roger', 'Barou'),
(2, 1, 'barbou@jik.fr', 'qdzdDFGzsdz46!', 'Jika', 'Barbousse'),
(3, 1, 'laBretagneCestDeLaMerde@evidemment.fr', '*ù$Arkads5', 'Tout', 'Lemonde');

--
-- Index pour les tables déchargées
--

--
-- Index pour la table `t_d_address_adr`
--
ALTER TABLE `t_d_address_adr`
  ADD PRIMARY KEY (`ADR_ID`);

--
-- Index pour la table `t_d_expeditiontype_ety`
--
ALTER TABLE `t_d_expeditiontype_ety`
  ADD PRIMARY KEY (`ETY_ID`);

--
-- Index pour la table `t_d_expedition_exp`
--
ALTER TABLE `t_d_expedition_exp`
  ADD PRIMARY KEY (`EXP_ID`);

--
-- Index pour la table `t_d_orderdetails_odt`
--
ALTER TABLE `t_d_orderdetails_odt`
  ADD PRIMARY KEY (`OHR_ID`,`PRD_ID`,`EXP_ID`),
  ADD KEY `FK_CONCERNE2` (`PRD_ID`),
  ADD KEY `FK_CONCERNE3` (`EXP_ID`);

--
-- Index pour la table `t_d_orderheader_ohr`
--
ALTER TABLE `t_d_orderheader_ohr`
  ADD PRIMARY KEY (`OHR_ID`),
  ADD KEY `FK_A_POUR_PAIEMENT` (`PMT_ID`),
  ADD KEY `FK_A_POUR_STATUT` (`OSS_ID`),
  ADD KEY `FK_A_POUR_TYPE_EXPEDITION` (`ETY_ID`),
  ADD KEY `FK_COMMANDE` (`USR_ID`),
  ADD KEY `FK_EST_FACTURE` (`ADR_ID_FAC`),
  ADD KEY `FK_EST_LIVRE` (`ADR_ID_LIV`);

--
-- Index pour la table `t_d_orderstatus_oss`
--
ALTER TABLE `t_d_orderstatus_oss`
  ADD PRIMARY KEY (`OSS_ID`);

--
-- Index pour la table `t_d_paymenttype_pmt`
--
ALTER TABLE `t_d_paymenttype_pmt`
  ADD PRIMARY KEY (`PMT_ID`);

--
-- Index pour la table `t_d_productkit_kit`
--
ALTER TABLE `t_d_productkit_kit`
  ADD PRIMARY KEY (`PRD_ID_KIT`,`PRD_ID_COMPONENT`),
  ADD KEY `FK_T_D_PROD_SE_COMPOS_T_D_PROD2` (`PRD_ID_COMPONENT`);

--
-- Index pour la table `t_d_producttype_pty`
--
ALTER TABLE `t_d_producttype_pty`
  ADD PRIMARY KEY (`PTY_ID`);

--
-- Index pour la table `t_d_product_prd`
--
ALTER TABLE `t_d_product_prd`
  ADD PRIMARY KEY (`PRD_ID`),
  ADD KEY `FK_EST_DE_TYPE` (`PTY_ID`),
  ADD KEY `FK_PROVIENT_DE` (`SPL_ID`);

--
-- Index pour la table `t_d_supplier_spl`
--
ALTER TABLE `t_d_supplier_spl`
  ADD PRIMARY KEY (`SPL_ID`);

--
-- Index pour la table `t_d_user_usr`
--
ALTER TABLE `t_d_user_usr`
  ADD PRIMARY KEY (`USR_ID`),
  ADD KEY `FK_T_D_USER_A_COMME_I_T_D_ADDR3` (`ADR_ID`);

--
-- AUTO_INCREMENT pour les tables déchargées
--

--
-- AUTO_INCREMENT pour la table `t_d_address_adr`
--
ALTER TABLE `t_d_address_adr`
  MODIFY `ADR_ID` int(11) NOT NULL AUTO_INCREMENT, AUTO_INCREMENT=7;

--
-- AUTO_INCREMENT pour la table `t_d_expeditiontype_ety`
--
ALTER TABLE `t_d_expeditiontype_ety`
  MODIFY `ETY_ID` int(11) NOT NULL AUTO_INCREMENT, AUTO_INCREMENT=4;

--
-- AUTO_INCREMENT pour la table `t_d_expedition_exp`
--
ALTER TABLE `t_d_expedition_exp`
  MODIFY `EXP_ID` int(11) NOT NULL AUTO_INCREMENT, AUTO_INCREMENT=7;

--
-- AUTO_INCREMENT pour la table `t_d_orderheader_ohr`
--
ALTER TABLE `t_d_orderheader_ohr`
  MODIFY `OHR_ID` int(11) NOT NULL AUTO_INCREMENT, AUTO_INCREMENT=13;

--
-- AUTO_INCREMENT pour la table `t_d_orderstatus_oss`
--
ALTER TABLE `t_d_orderstatus_oss`
  MODIFY `OSS_ID` int(11) NOT NULL AUTO_INCREMENT, AUTO_INCREMENT=5;

--
-- AUTO_INCREMENT pour la table `t_d_paymenttype_pmt`
--
ALTER TABLE `t_d_paymenttype_pmt`
  MODIFY `PMT_ID` int(11) NOT NULL AUTO_INCREMENT, AUTO_INCREMENT=5;

--
-- AUTO_INCREMENT pour la table `t_d_producttype_pty`
--
ALTER TABLE `t_d_producttype_pty`
  MODIFY `PTY_ID` int(11) NOT NULL AUTO_INCREMENT, AUTO_INCREMENT=3;

--
-- AUTO_INCREMENT pour la table `t_d_product_prd`
--
ALTER TABLE `t_d_product_prd`
  MODIFY `PRD_ID` int(11) NOT NULL AUTO_INCREMENT, AUTO_INCREMENT=17;

--
-- AUTO_INCREMENT pour la table `t_d_supplier_spl`
--
ALTER TABLE `t_d_supplier_spl`
  MODIFY `SPL_ID` int(11) NOT NULL AUTO_INCREMENT, AUTO_INCREMENT=7;

--
-- AUTO_INCREMENT pour la table `t_d_user_usr`
--
ALTER TABLE `t_d_user_usr`
  MODIFY `USR_ID` int(11) NOT NULL AUTO_INCREMENT, AUTO_INCREMENT=4;

--
-- Contraintes pour les tables déchargées
--

--
-- Contraintes pour la table `t_d_orderdetails_odt`
--
ALTER TABLE `t_d_orderdetails_odt`
  ADD CONSTRAINT `FK_CONCERNE1` FOREIGN KEY (`OHR_ID`) REFERENCES `t_d_orderheader_ohr` (`OHR_ID`),
  ADD CONSTRAINT `FK_CONCERNE2` FOREIGN KEY (`PRD_ID`) REFERENCES `t_d_product_prd` (`PRD_ID`),
  ADD CONSTRAINT `FK_CONCERNE3` FOREIGN KEY (`EXP_ID`) REFERENCES `t_d_expedition_exp` (`EXP_ID`);

--
-- Contraintes pour la table `t_d_orderheader_ohr`
--
ALTER TABLE `t_d_orderheader_ohr`
  ADD CONSTRAINT `FK_A_POUR_PAIEMENT` FOREIGN KEY (`PMT_ID`) REFERENCES `t_d_paymenttype_pmt` (`PMT_ID`),
  ADD CONSTRAINT `FK_A_POUR_STATUT` FOREIGN KEY (`OSS_ID`) REFERENCES `t_d_orderstatus_oss` (`OSS_ID`),
  ADD CONSTRAINT `FK_A_POUR_TYPE_EXPEDITION` FOREIGN KEY (`ETY_ID`) REFERENCES `t_d_expeditiontype_ety` (`ETY_ID`),
  ADD CONSTRAINT `FK_COMMANDE` FOREIGN KEY (`USR_ID`) REFERENCES `t_d_user_usr` (`USR_ID`),
  ADD CONSTRAINT `FK_EST_FACTURE` FOREIGN KEY (`ADR_ID_FAC`) REFERENCES `t_d_address_adr` (`ADR_ID`),
  ADD CONSTRAINT `FK_EST_LIVRE` FOREIGN KEY (`ADR_ID_LIV`) REFERENCES `t_d_address_adr` (`ADR_ID`);

--
-- Contraintes pour la table `t_d_productkit_kit`
--
ALTER TABLE `t_d_productkit_kit`
  ADD CONSTRAINT `FK_SE_COMPOSE` FOREIGN KEY (`PRD_ID_KIT`) REFERENCES `t_d_product_prd` (`PRD_ID`),
  ADD CONSTRAINT `FK_T_D_PROD_SE_COMPOS_T_D_PROD2` FOREIGN KEY (`PRD_ID_COMPONENT`) REFERENCES `t_d_product_prd` (`PRD_ID`);

--
-- Contraintes pour la table `t_d_product_prd`
--
ALTER TABLE `t_d_product_prd`
  ADD CONSTRAINT `FK_EST_DE_TYPE` FOREIGN KEY (`PTY_ID`) REFERENCES `t_d_producttype_pty` (`PTY_ID`),
  ADD CONSTRAINT `FK_PROVIENT_DE` FOREIGN KEY (`SPL_ID`) REFERENCES `t_d_supplier_spl` (`SPL_ID`);

--
-- Contraintes pour la table `t_d_user_usr`
--
ALTER TABLE `t_d_user_usr`
  ADD CONSTRAINT `FK_T_D_USER_A_COMME_I_T_D_ADDR3` FOREIGN KEY (`ADR_ID`) REFERENCES `t_d_address_adr` (`ADR_ID`);
COMMIT;

/*!40101 SET CHARACTER_SET_CLIENT=@OLD_CHARACTER_SET_CLIENT */;
/*!40101 SET CHARACTER_SET_RESULTS=@OLD_CHARACTER_SET_RESULTS */;
/*!40101 SET COLLATION_CONNECTION=@OLD_COLLATION_CONNECTION */;
